id_venta,id_sucursal,id_producto,fecha_venta,cantidad_vendida,total_venta
1001,3,6,2025-04-25,5,1500
1002,4,2,2024-08-24,3,2400
1003,3,8,2025-04-10,5,350
1004,4,2,2024-10-04,2,1600
1005,5,5,2024-10-31,8,400
1006,2,6,2024-03-22,9,2700
1007,4,11,2025-09-26,6,540
1008,6,3,2025-12-21,4,2000
1009,4,12,2025-09-09,4,880
1010,1,12,2024-02-05,10,2200
1011,4,3,2024-09-14,8,4000
1012,2,8,2025-05-10,5,350
1013,2,5,2024-12-22,4,200
1014,4,4,2025-08-23,10,250
1015,4,8,2024-05-30,1,70
1016,5,10,2024-05-26,4,720
1017,3,4,2024-07-25,9,225
1018,4,4,2025-07-08,8,200
1019,3,12,2024-06-10,9,1980
1020,5,5,2024-07-01,9,450
1021,5,11,2024-06-10,1,90
1022,6,5,2024-01-30,1,50
1023,2,8,2024-07-28,7,490
1024,4,12,2024-06-02,2,440
1025,3,3,2025-01-17,6,3000
1026,4,6,2025-11-28,1,300
1027,5,10,2024-08-09,4,720
1028,1,7,2025-10-31,6,900
1029,2,6,2024-09-26,6,1800
1030,4,6,2025-07-10,1,300
1031,6,11,2024-12-11,7,630
1032,2,12,2025-01-31,3,660
1033,2,6,2024-04-03,6,1800
1034,1,4,2024-08-20,10,250
1035,5,2,2024-04-29,8,6400
1036,4,6,2024-07-07,1,300
1037,3,1,2024-09-07,3,3600
1038,2,1,2025-02-20,7,8400
1039,2,1,2025-12-06,8,9600
1040,2,4,2024-09-17,9,225
1041,5,7,2025-07-22,1,150
1042,6,5,2024-08-21,2,100
1043,4,5,2024-05-20,6,300
1044,3,8,2024-05-10,3,210
1045,2,2,2024-02-21,10,8000
1046,6,6,2025-02-13,5,1500
1047,3,12,2025-01-13,7,1540
1048,1,6,2025-04-20,10,3000
1049,4,10,2025-12-02,10,1800
1050,2,11,2025-09-20,9,810
1051,1,5,2025-11-19,6,300
1052,2,10,2025-08-05,5,900
1053,6,3,2024-08-15,2,1000
1054,2,4,2024-08-27,8,200
1055,1,4,2024-06-06,7,175
1056,1,10,2025-04-03,1,180
1057,2,5,2025-07-04,2,100
1058,1,10,2025-07-27,9,1620
1059,3,7,2025-01-13,9,1350
1060,4,3,2025-05-28,3,1500
1061,3,10,2025-07-26,3,540
1062,5,8,2025-01-07,2,140
1063,1,4,2024-07-25,2,50
1064,3,10,2024-06-21,7,1260
1065,6,11,2025-11-18,9,810
1066,2,5,2025-07-02,6,300
1067,4,2,2024-10-24,4,3200
1068,6,11,2025-02-05,3,270
1069,2,7,2024-06-09,9,1350
1070,5,2,2025-03-27,1,800
1071,5,7,2025-06-29,4,600
1072,4,10,2025-11-05,1,180
1073,5,8,2025-01-20,2,140
1074,1,8,2025-03-09,8,560
1075,5,1,2025-09-18,7,8400
1076,5,10,2024-12-26,10,1800
1077,5,7,2024-09-29,8,1200
1078,3,12,2024-05-09,9,1980
1079,2,7,2024-02-10,8,1200
1080,5,7,2024-06-21,6,900
1081,5,2,2024-11-05,4,3200
1082,3,9,2025-05-12,9,2250
1083,5,1,2024-12-04,7,8400
1084,6,10,2024-07-29,7,1260
1085,5,12,2024-02-21,2,440
1086,2,5,2024-06-19,9,450
1087,1,6,2024-02-23,4,1200
1088,1,7,2024-05-12,6,900
1089,3,1,2024-11-15,3,3600
1090,6,4,2024-04-19,3,75
1091,2,7,2024-07-04,9,1350
1092,2,8,2025-04-25,3,210
1093,5,3,2025-03-03,10,5000
1094,2,10,2025-03-23,7,1260
1095,3,7,2024-10-05,6,900
1096,4,4,2024-11-18,7,175
1097,3,11,2024-03-21,4,360
1098,4,9,2025-09-11,8,2000
1099,6,8,2024-09-15,1,70
1100,5,6,2024-10-13,5,1500
1101,3,8,2024-02-29,6,420
1102,6,4,2025-04-13,5,125
1103,2,9,2025-04-28,3,750
1104,1,1,2024-05-24,5,6000
1105,2,2,2025-06-20,2,1600
1106,4,11,2025-07-09,5,450
1107,1,5,2025-02-16,6,300
1108,2,12,2024-05-25,2,440
1109,6,7,2025-04-08,2,300
1110,5,10,2025-05-19,5,900
1111,2,11,2024-11-30,7,630
1112,3,12,2024-10-24,5,1100
1113,2,2,2025-08-09,9,7200
1114,3,1,2025-05-18,2,2400
1115,1,6,2024-08-04,8,2400
1116,2,8,2025-09-13,10,700
1117,1,1,2024-11-17,9,10800
1118,3,10,2025-06-04,2,360
1119,1,6,2024-12-02,10,3000
1120,4,11,2024-08-11,1,90
1121,3,4,2025-04-04,1,25
1122,1,6,2024-08-06,3,900
1123,5,9,2024-01-01,4,1000
1124,3,3,2025-05-02,10,5000
1125,5,7,2024-06-06,8,1200
1126,3,12,2024-09-08,6,1320
1127,4,6,2025-09-20,4,1200
1128,2,9,2024-03-02,10,2500
1129,6,4,2025-12-04,5,125
1130,3,1,2024-08-23,4,4800
1131,1,12,2025-03-09,4,880
1132,2,2,2024-02-18,2,1600
1133,2,2,2024-10-07,2,1600
1134,3,2,2025-10-31,6,4800
1135,1,1,2025-04-15,9,10800
1136,5,8,2024-08-09,1,70
1137,2,12,2025-07-12,5,1100
1138,5,7,2025-09-24,6,900
1139,2,3,2025-08-29,6,3000
1140,4,1,2024-03-25,8,9600
1141,3,11,2025-04-18,10,900
1142,2,11,2025-02-22,10,900
1143,2,6,2024-03-21,7,2100
1144,4,10,2025-03-30,3,540
1145,3,7,2024-12-08,6,900
1146,4,3,2025-03-12,3,1500
1147,1,10,2025-05-19,10,1800
1148,6,2,2024-09-28,3,2400
1149,4,8,2025-02-19,4,280
1150,3,12,2024-08-30,1,220
1151,1,2,2024-09-25,10,8000
1152,3,1,2024-02-12,9,10800
1153,2,12,2025-04-01,3,660
1154,2,5,2024-08-02,9,450
1155,3,11,2025-09-11,4,360
1156,2,10,2025-09-01,6,1080
1157,4,8,2025-10-02,8,560
1158,4,1,2024-03-14,2,2400
1159,2,6,2024-06-21,3,900
1160,3,7,2024-07-10,7,1050
1161,3,3,2024-01-25,7,3500
1162,2,2,2025-04-28,4,3200
1163,1,2,2025-11-01,10,8000
1164,4,10,2024-03-20,6,1080
1165,6,4,2024-10-11,4,100
1166,1,1,2025-06-18,1,1200
1167,6,12,2024-09-19,7,1540
1168,3,5,2025-03-23,5,250
1169,6,11,2024-12-02,6,540
1170,5,4,2025-11-24,3,75
1171,3,4,2025-06-22,9,225
1172,3,7,2024-03-26,10,1500
1173,1,4,2024-09-23,10,250
1174,3,8,2024-05-20,6,420
1175,2,10,2024-09-05,6,1080
1176,5,6,2024-04-30,1,300
1177,1,5,2025-09-24,4,200
1178,6,10,2025-09-14,3,540
1179,3,4,2024-08-06,2,50
1180,1,10,2024-11-09,3,540
1181,6,5,2025-10-07,3,150
1182,5,11,2025-01-26,3,270
1183,5,4,2024-05-17,2,50
1184,5,3,2024-05-17,10,5000
1185,3,12,2025-06-22,6,1320
1186,3,10,2024-05-30,4,720
1187,1,6,2025-08-17,9,2700
1188,5,1,2025-07-18,8,9600
1189,5,2,2024-05-08,7,5600
1190,1,4,2025-06-09,9,225
1191,1,8,2025-07-03,3,210
1192,3,10,2025-03-08,5,900
1193,2,12,2025-11-22,4,880
1194,4,7,2024-04-25,7,1050
1195,1,4,2025-04-16,7,175
1196,4,5,2024-06-12,5,250
1197,1,9,2025-10-23,8,2000
1198,1,2,2025-03-26,9,7200
1199,6,9,2025-03-05,10,2500
1200,5,8,2024-12-17,8,560
1201,5,3,2024-12-17,4,2000
1202,2,12,2024-05-12,8,1760
1203,6,8,2024-07-17,4,280
1204,3,3,2024-06-02,9,4500
1205,3,5,2025-06-20,9,450
1206,3,4,2024-03-13,2,50
1207,6,1,2024-04-05,9,10800
1208,2,1,2025-01-20,7,8400
1209,3,9,2025-06-17,3,750
1210,5,9,2024-11-12,6,1500
1211,3,12,2024-10-13,6,1320
1212,5,11,2025-06-11,2,180
1213,2,12,2025-08-29,10,2200
1214,2,3,2025-12-12,1,500
1215,5,10,2024-02-19,1,180
1216,4,2,2024-12-16,5,4000
1217,2,10,2025-10-11,5,900
1218,6,6,2024-12-15,6,1800
1219,4,8,2024-02-18,10,700
1220,1,10,2025-10-28,2,360
1221,5,9,2025-05-24,9,2250
1222,3,8,2024-03-25,7,490
1223,4,1,2024-05-10,9,10800
1224,2,5,2025-05-28,8,400
1225,2,8,2025-08-20,4,280
1226,6,7,2024-08-15,7,1050
1227,2,7,2025-07-04,1,150
1228,1,10,2024-09-01,4,720
1229,3,3,2025-03-09,3,1500
1230,2,9,2024-07-14,3,750
1231,4,12,2024-06-19,3,660
1232,3,9,2025-12-05,8,2000
1233,4,8,2025-06-11,10,700
1234,3,7,2024-04-19,9,1350
1235,3,2,2025-06-14,8,6400
1236,3,10,2024-09-07,10,1800
1237,5,2,2025-07-26,5,4000
1238,1,10,2024-08-27,9,1620
1239,2,11,2024-01-14,3,270
1240,6,11,2024-01-30,7,630
1241,1,10,2024-02-20,7,1260
1242,1,4,2025-07-03,2,50
1243,6,5,2024-10-01,8,400
1244,4,3,2024-02-04,9,4500
1245,3,11,2025-04-20,2,180
1246,3,6,2024-12-12,6,1800
1247,4,3,2024-05-22,7,3500
1248,3,6,2024-10-02,3,900
1249,3,9,2024-08-29,9,2250
1250,6,11,2024-01-14,7,630
1251,5,12,2024-03-21,8,1760
1252,1,4,2024-02-25,10,250
1253,2,2,2025-06-14,1,800
1254,1,11,2024-12-21,4,360
1255,3,4,2024-03-16,9,225
1256,3,6,2025-06-20,2,600
1257,2,10,2024-09-14,2,360
1258,3,8,2025-11-29,10,700
1259,5,6,2025-01-09,2,600
1260,1,8,2025-06-23,4,280
1261,3,9,2025-05-19,6,1500
1262,2,3,2024-01-16,5,2500
1263,5,8,2024-02-06,5,350
1264,3,9,2024-11-11,5,1250
1265,1,12,2024-10-18,8,1760
1266,4,1,2024-12-02,4,4800
1267,5,5,2025-02-05,6,300
1268,5,9,2025-06-09,8,2000
1269,3,6,2024-06-28,10,3000
1270,2,3,2025-11-14,3,1500
1271,1,9,2025-06-22,7,1750
1272,6,6,2025-02-07,8,2400
1273,2,4,2024-06-27,9,225
1274,6,8,2024-11-06,6,420
1275,6,1,2025-07-07,9,10800
1276,6,5,2025-11-15,3,150
1277,5,3,2024-08-01,7,3500
1278,2,9,2024-10-27,8,2000
1279,6,4,2024-03-18,7,175
1280,6,5,2025-03-14,9,450
1281,2,11,2024-02-11,2,180
1282,3,8,2025-02-05,2,140
1283,5,5,2024-05-18,5,250
1284,5,1,2025-04-24,3,3600
1285,2,8,2024-09-19,6,420
1286,4,8,2025-11-19,8,560
1287,2,1,2024-04-13,3,3600
1288,4,12,2024-09-14,2,440
1289,6,9,2024-06-19,5,1250
1290,3,1,2025-05-08,9,10800
1291,6,3,2025-06-18,9,4500
1292,2,6,2024-09-18,1,300
1293,5,6,2025-04-07,1,300
1294,6,5,2025-03-19,2,100
1295,3,4,2024-08-27,10,250
1296,6,8,2025-06-24,7,490
1297,5,11,2025-02-10,2,180
1298,3,7,2024-04-22,9,1350
1299,2,9,2025-01-15,9,2250
1300,6,12,2024-08-12,3,660
1301,1,5,2024-11-25,5,250
1302,4,7,2025-07-29,5,750
1303,1,4,2024-06-01,2,50
1304,5,8,2024-08-03,1,70
1305,3,11,2025-03-11,4,360
1306,5,5,2024-03-23,6,300
1307,5,9,2025-01-16,10,2500
1308,2,8,2024-01-10,9,630
1309,1,6,2025-05-05,6,1800
1310,6,7,2024-12-21,9,1350
1311,2,8,2024-04-16,8,560
1312,6,6,2025-11-26,7,2100
1313,6,12,2025-11-21,8,1760
1314,6,11,2025-10-13,2,180
1315,4,2,2025-01-09,3,2400
1316,3,7,2025-11-15,10,1500
1317,3,10,2024-11-26,4,720
1318,3,9,2024-07-13,5,1250
1319,6,12,2024-08-17,5,1100
1320,6,9,2024-06-04,3,750
1321,5,9,2025-12-13,7,1750
1322,4,3,2024-02-22,7,3500
1323,2,4,2024-07-20,6,150
1324,3,2,2025-11-11,4,3200
1325,6,10,2024-06-27,2,360
1326,4,3,2024-06-19,4,2000
1327,3,11,2024-01-01,1,90
1328,5,1,2025-08-04,6,7200
1329,6,6,2024-03-11,4,1200
1330,3,1,2024-11-28,4,4800
1331,2,10,2025-10-15,2,360
1332,5,9,2025-04-05,7,1750
1333,3,11,2025-08-15,9,810
1334,5,5,2025-08-20,5,250
1335,2,11,2024-10-09,5,450
1336,2,5,2025-05-25,1,50
1337,3,12,2025-02-11,9,1980
1338,3,1,2024-12-17,9,10800
1339,3,9,2025-03-17,3,750
1340,5,7,2024-06-08,7,1050
1341,1,3,2024-07-19,7,3500
1342,3,1,2024-12-13,4,4800
1343,5,1,2025-03-25,7,8400
1344,6,6,2024-07-11,5,1500
1345,3,11,2024-08-07,4,360
1346,4,12,2025-05-03,1,220
1347,4,10,2025-05-22,7,1260
1348,2,9,2024-12-02,4,1000
1349,5,12,2025-05-02,5,1100
1350,4,3,2024-11-10,7,3500
1351,2,5,2024-08-11,7,350
1352,2,1,2025-09-07,10,12000
1353,4,9,2025-11-26,9,2250
1354,6,1,2025-07-22,6,7200
1355,5,10,2024-07-06,4,720
1356,1,9,2024-05-09,7,1750
1357,1,10,2025-05-03,3,540
1358,4,10,2025-07-13,1,180
1359,4,12,2025-03-10,10,2200
1360,2,7,2025-10-27,6,900
1361,4,8,2024-09-11,1,70
1362,5,6,2024-04-07,8,2400
1363,1,8,2024-03-14,6,420
1364,1,5,2024-12-13,10,500
1365,2,8,2024-12-16,2,140
1366,4,7,2024-06-14,1,150
1367,5,8,2025-11-07,2,140
1368,2,10,2024-07-31,2,360
1369,6,4,2024-09-02,2,50
1370,5,8,2024-05-24,9,630
1371,2,4,2025-09-22,9,225
1372,1,7,2024-04-18,8,1200
1373,6,7,2024-03-24,9,1350
1374,2,9,2025-09-04,2,500
1375,2,9,2024-09-27,4,1000
1376,1,5,2024-01-12,7,350
1377,3,3,2024-09-23,3,1500
1378,4,10,2025-02-23,7,1260
1379,2,7,2025-11-12,3,450
1380,5,7,2024-01-11,1,150
1381,5,9,2025-03-02,7,1750
1382,6,9,2024-11-24,10,2500
1383,3,3,2024-04-06,3,1500
1384,6,11,2025-11-14,4,360
1385,6,10,2024-12-11,1,180
1386,1,1,2025-09-01,2,2400
1387,2,1,2024-07-22,9,10800
1388,5,1,2025-06-16,10,12000
1389,6,4,2024-04-12,10,250
1390,4,8,2024-07-12,7,490
1391,2,7,2024-02-26,7,1050
1392,3,5,2024-04-12,1,50
1393,6,5,2025-11-29,4,200
1394,6,2,2024-12-21,8,6400
1395,6,1,2024-12-10,8,9600
1396,6,8,2025-06-06,10,700
1397,1,1,2025-03-20,1,1200
1398,4,11,2024-01-31,1,90
1399,4,4,2025-04-24,7,175
1400,5,7,2024-10-15,7,1050
1401,5,12,2024-06-15,5,1100
1402,1,12,2024-07-11,3,660
1403,4,12,2024-06-24,9,1980
1404,2,6,2025-02-01,1,300
1405,2,9,2025-03-27,7,1750
1406,1,11,2025-06-09,9,810
1407,1,12,2025-09-21,4,880
1408,5,6,2025-11-24,3,900
1409,2,10,2024-10-11,6,1080
1410,2,5,2024-07-30,3,150
1411,4,6,2024-07-03,4,1200
1412,5,10,2025-08-04,1,180
1413,4,5,2025-10-22,7,350
1414,3,9,2024-05-25,5,1250
1415,4,2,2025-09-08,9,7200
1416,2,9,2024-12-15,5,1250
1417,4,3,2025-10-24,1,500
1418,5,3,2024-07-05,8,4000
1419,3,4,2024-02-03,2,50
1420,3,1,2025-09-11,3,3600
1421,4,4,2025-08-30,10,250
1422,3,10,2024-09-03,4,720
1423,5,12,2024-02-03,9,1980
1424,2,1,2024-05-29,1,1200
1425,4,1,2025-06-23,2,2400
1426,1,2,2025-09-08,7,5600
1427,2,7,2025-03-13,5,750
1428,6,9,2024-12-18,5,1250
1429,4,3,2024-03-17,9,4500
1430,6,5,2025-12-31,3,150
1431,6,3,2024-08-08,7,3500
1432,5,8,2025-08-04,9,630
1433,1,11,2024-04-25,4,360
1434,2,1,2025-02-12,8,9600
1435,2,1,2025-06-03,6,7200
1436,6,6,2025-11-05,7,2100
1437,2,9,2024-11-04,2,500
1438,2,9,2025-03-24,1,250
1439,1,3,2024-04-03,8,4000
1440,6,4,2024-09-19,3,75
1441,6,3,2025-09-29,2,1000
1442,5,4,2025-03-21,8,200
1443,6,11,2025-06-09,7,630
1444,2,10,2025-02-07,8,1440
1445,1,10,2025-01-31,5,900
1446,5,12,2024-08-22,10,2200
1447,3,11,2025-09-18,9,810
1448,6,2,2025-08-04,6,4800
1449,3,6,2024-08-25,4,1200
1450,1,3,2024-04-19,4,2000
1451,6,4,2025-07-31,8,200
1452,3,9,2025-11-02,1,250
1453,4,6,2025-11-11,1,300
1454,1,12,2024-02-09,8,1760
1455,2,12,2024-08-06,7,1540
1456,6,8,2025-10-20,4,280
1457,3,2,2024-07-05,5,4000
1458,6,8,2024-07-29,8,560
1459,1,3,2025-02-27,6,3000
1460,3,9,2024-11-10,4,1000
1461,2,10,2024-09-27,3,540
1462,4,9,2024-01-13,6,1500
1463,3,2,2025-03-07,5,4000
1464,5,4,2024-05-22,3,75
1465,3,7,2025-05-26,8,1200
1466,6,9,2025-02-20,10,2500
1467,5,12,2025-07-26,9,1980
1468,1,6,2024-12-10,10,3000
1469,2,11,2025-10-29,1,90
1470,1,7,2025-10-09,5,750
1471,5,10,2024-08-13,10,1800
1472,1,9,2024-10-07,9,2250
1473,1,9,2025-08-06,8,2000
1474,1,5,2024-12-24,3,150
1475,2,4,2025-06-27,10,250
1476,4,5,2024-09-09,10,500
1477,5,8,2024-10-17,6,420
1478,3,7,2024-03-06,8,1200
1479,6,11,2025-04-24,3,270
1480,5,7,2025-01-26,9,1350
1481,6,6,2024-05-06,5,1500
1482,5,5,2025-12-08,4,200
1483,5,2,2025-02-04,9,7200
1484,5,4,2025-05-10,1,25
1485,6,8,2024-12-09,5,350
1486,1,1,2025-12-20,4,4800
1487,3,4,2024-10-28,1,25
1488,2,4,2025-10-15,10,250
1489,3,3,2024-05-05,1,500
1490,5,7,2024-04-29,9,1350
1491,4,7,2024-05-05,1,150
1492,2,5,2025-10-09,6,300
1493,5,5,2024-07-21,8,400
1494,1,2,2024-06-19,10,8000
1495,2,4,2025-07-20,2,50
1496,2,10,2024-11-08,4,720
1497,2,5,2024-06-12,1,50
1498,4,10,2024-04-11,4,720
1499,4,2,2025-10-09,2,1600
1500,5,6,2024-02-12,3,900
1501,5,11,2025-03-19,8,720
1502,2,7,2024-12-13,4,600
1503,2,10,2024-11-06,10,1800
1504,3,7,2025-09-27,4,600
1505,5,7,2024-05-24,5,750
1506,4,6,2025-12-26,4,1200
1507,3,8,2025-12-25,5,350
1508,4,1,2025-07-14,4,4800
1509,1,7,2024-08-13,7,1050
1510,1,4,2024-02-08,5,125
1511,4,3,2025-11-20,6,3000
1512,6,3,2025-09-20,8,4000
1513,3,10,2024-03-28,6,1080
1514,2,2,2025-04-24,4,3200
1515,5,6,2025-11-11,9,2700
1516,5,9,2024-02-07,8,2000
1517,3,7,2024-07-04,4,600
1518,4,3,2025-09-08,5,2500
1519,3,10,2024-11-17,9,1620
1520,3,12,2024-12-05,5,1100
1521,5,1,2024-04-28,6,7200
1522,2,9,2024-02-11,3,750
1523,4,9,2025-07-13,4,1000
1524,4,10,2024-04-29,6,1080
1525,4,10,2025-11-27,6,1080
1526,4,12,2025-09-05,3,660
1527,4,10,2024-08-31,4,720
1528,4,7,2025-09-15,3,450
1529,2,12,2025-08-21,10,2200
1530,2,11,2024-11-03,8,720
1531,6,8,2024-12-17,9,630
1532,4,5,2025-02-01,7,350
1533,1,7,2025-07-30,8,1200
1534,3,1,2024-12-19,6,7200
1535,2,11,2024-06-19,9,810
1536,2,12,2024-02-12,3,660
1537,4,3,2024-03-02,7,3500
1538,1,6,2025-07-14,7,2100
1539,1,7,2024-08-06,6,900
1540,4,11,2025-04-07,5,450
1541,5,11,2025-04-25,2,180
1542,4,7,2025-04-06,4,600
1543,5,2,2025-04-05,7,5600
1544,2,9,2025-12-02,8,2000
1545,2,9,2025-02-27,10,2500
1546,1,8,2025-08-27,3,210
1547,2,7,2025-01-17,3,450
1548,2,2,2024-11-27,6,4800
1549,2,12,2025-12-18,10,2200
1550,2,2,2024-01-19,4,3200
1551,3,3,2024-02-13,1,500
1552,6,12,2025-05-10,9,1980
1553,5,1,2025-11-15,5,6000
1554,4,9,2025-08-25,9,2250
1555,2,12,2024-02-06,1,220
1556,6,3,2024-09-20,8,4000
1557,6,8,2025-05-13,9,630
1558,4,4,2025-07-05,3,75
1559,3,5,2025-04-05,1,50
1560,3,10,2025-09-09,8,1440
1561,6,7,2025-07-13,6,900
1562,6,1,2025-04-20,4,4800
1563,1,3,2025-09-30,9,4500
1564,1,9,2025-11-17,1,250
1565,4,3,2024-12-01,1,500
1566,5,6,2024-11-21,8,2400
1567,6,2,2025-07-19,2,1600
1568,3,5,2025-04-28,7,350
1569,2,8,2024-05-20,1,70
1570,5,8,2025-01-02,3,210
1571,1,2,2025-04-28,4,3200
1572,4,10,2025-07-24,8,1440
1573,2,8,2024-01-13,9,630
1574,3,11,2024-08-12,7,630
1575,6,5,2024-10-29,6,300
1576,5,2,2025-07-14,1,800
1577,4,6,2024-08-28,9,2700
1578,6,7,2024-10-07,6,900
1579,2,10,2025-11-27,3,540
1580,6,12,2025-11-08,1,220
1581,1,8,2025-09-24,8,560
1582,5,5,2025-12-12,6,300
1583,4,11,2024-05-16,9,810
1584,5,4,2024-02-23,3,75
1585,2,11,2024-06-02,6,540
1586,5,3,2025-06-02,10,5000
1587,4,6,2024-02-15,4,1200
1588,4,6,2024-12-06,10,3000
1589,3,3,2024-05-30,5,2500
1590,1,12,2025-08-08,10,2200
1591,6,1,2024-05-20,8,9600
1592,5,6,2025-11-10,2,600
1593,6,2,2024-11-01,3,2400
1594,2,8,2024-05-30,10,700
1595,6,10,2025-02-02,5,900
1596,4,5,2025-08-03,1,50
1597,5,12,2024-02-19,10,2200
1598,3,5,2024-09-07,10,500
1599,6,1,2025-08-19,1,1200
1600,5,12,2025-12-13,9,1980
1601,3,10,2024-02-24,3,540
1602,6,1,2025-02-11,2,2400
1603,6,12,2025-11-16,5,1100
1604,4,8,2024-06-17,1,70
1605,2,2,2024-11-24,2,1600
1606,3,2,2024-10-09,8,6400
1607,4,12,2025-02-02,6,1320
1608,4,2,2025-10-08,3,2400
1609,1,9,2025-08-07,8,2000
1610,5,2,2025-07-10,2,1600
1611,3,1,2025-12-14,8,9600
1612,2,7,2025-07-07,3,450
1613,1,2,2024-01-27,1,800
1614,1,1,2024-07-26,6,7200
1615,4,7,2025-06-12,10,1500
1616,5,9,2025-10-11,7,1750
1617,2,5,2025-08-03,4,200
1618,2,7,2025-11-10,4,600
1619,5,9,2025-11-15,10,2500
1620,5,5,2025-01-23,4,200
1621,2,6,2025-06-25,3,900
1622,3,4,2024-07-11,9,225
1623,2,9,2025-07-23,6,1500
1624,5,1,2024-02-21,6,7200
1625,3,10,2024-10-01,4,720
1626,6,9,2024-04-09,10,2500
1627,4,7,2024-06-12,1,150
1628,1,12,2024-12-27,3,660
1629,3,6,2025-03-28,4,1200
1630,5,4,2025-07-03,6,150
1631,3,7,2025-01-10,4,600
1632,4,1,2024-06-23,2,2400
1633,4,2,2025-02-23,5,4000
1634,3,3,2025-09-01,6,3000
1635,5,2,2024-09-07,5,4000
1636,3,2,2024-11-16,7,5600
1637,5,12,2025-07-01,3,660
1638,6,9,2025-06-16,4,1000
1639,1,7,2024-05-08,2,300
1640,5,7,2025-12-07,5,750
1641,5,1,2025-02-25,1,1200
1642,1,4,2024-08-31,4,100
1643,5,6,2024-02-07,5,1500
1644,5,11,2025-10-17,8,720
1645,3,6,2025-05-20,1,300
1646,2,9,2024-12-09,10,2500
1647,5,7,2025-08-14,2,300
1648,5,12,2024-12-08,2,440
1649,5,3,2025-02-08,3,1500
1650,2,12,2024-04-09,6,1320
1651,5,8,2025-12-12,4,280
1652,5,8,2024-11-11,4,280
1653,6,6,2025-11-07,7,2100
1654,5,4,2025-06-01,8,200
1655,4,4,2025-09-29,4,100
1656,1,10,2024-09-01,4,720
1657,2,8,2025-12-06,6,420
1658,4,12,2024-06-22,7,1540
1659,6,5,2025-01-31,1,50
1660,6,11,2024-06-16,3,270
1661,5,6,2025-10-30,2,600
1662,4,1,2025-05-01,10,12000
1663,1,7,2024-08-03,6,900
1664,5,2,2025-09-18,5,4000
1665,3,2,2025-02-27,6,4800
1666,2,5,2025-06-04,3,150
1667,5,1,2024-06-16,10,12000
1668,1,3,2025-04-28,9,4500
1669,6,3,2025-09-21,8,4000
1670,2,5,2025-02-10,2,100
1671,4,2,2025-01-19,3,2400
1672,6,9,2025-05-12,2,500
1673,5,9,2025-06-05,2,500
1674,5,4,2025-06-02,7,175
1675,4,8,2024-11-18,6,420
1676,1,10,2024-05-04,9,1620
1677,1,6,2024-02-09,1,300
1678,5,7,2025-02-12,8,1200
1679,2,3,2025-10-03,1,500
1680,6,11,2025-02-21,4,360
1681,1,7,2024-06-27,6,900
1682,1,9,2024-04-05,1,250
1683,4,6,2024-07-03,7,2100
1684,3,6,2025-04-23,7,2100
1685,1,5,2025-05-26,2,100
1686,4,2,2025-09-18,8,6400
1687,6,9,2025-06-02,8,2000
1688,2,9,2024-05-20,4,1000
1689,6,11,2024-06-07,3,270
1690,1,2,2025-03-10,7,5600
1691,5,1,2024-06-15,10,12000
1692,5,9,2025-05-04,7,1750
1693,5,7,2025-08-15,8,1200
1694,2,4,2024-07-05,9,225
1695,5,7,2025-06-04,10,1500
1696,1,5,2024-03-22,4,200
1697,4,12,2025-02-11,1,220
1698,4,4,2024-06-15,8,200
1699,5,6,2024-10-14,9,2700
1700,5,7,2025-08-11,1,150
1701,5,11,2025-11-23,10,900
1702,2,11,2024-08-16,3,270
1703,1,2,2025-03-02,8,6400
1704,4,12,2024-01-07,10,2200
1705,3,8,2025-08-15,8,560
1706,4,4,2025-11-09,10,250
1707,3,4,2024-03-15,6,150
1708,4,2,2025-06-25,3,2400
1709,6,6,2024-02-20,10,3000
1710,1,5,2025-01-18,3,150
1711,2,12,2024-11-13,8,1760
1712,5,7,2025-01-23,3,450
1713,6,9,2025-09-20,7,1750
1714,1,12,2024-05-01,8,1760
1715,4,12,2024-09-25,7,1540
1716,5,4,2025-10-05,1,25
1717,3,7,2024-11-01,7,1050
1718,1,4,2025-06-25,2,50
1719,6,2,2025-06-25,9,7200
1720,3,5,2025-04-03,8,400
1721,4,8,2024-09-23,6,420
1722,4,12,2024-08-07,9,1980
1723,2,10,2025-03-06,5,900
1724,4,6,2025-12-21,2,600
1725,4,12,2025-07-01,2,440
1726,1,2,2024-01-06,9,7200
1727,2,11,2025-04-17,10,900
1728,2,12,2024-08-01,6,1320
1729,4,5,2024-12-16,9,450
1730,4,10,2024-01-11,6,1080
1731,6,1,2025-05-24,2,2400
1732,3,2,2024-01-21,5,4000
1733,5,6,2025-06-14,3,900
1734,3,8,2025-11-17,1,70
1735,5,1,2024-01-01,8,9600
1736,4,3,2024-06-25,10,5000
1737,2,7,2024-02-20,2,300
1738,1,5,2024-04-14,6,300
1739,5,2,2025-12-17,9,7200
1740,5,5,2024-09-06,7,350
1741,4,7,2025-12-14,8,1200
1742,6,11,2024-11-09,4,360
1743,3,9,2024-03-26,4,1000
1744,1,12,2024-10-29,7,1540
1745,2,1,2025-04-17,5,6000
1746,2,11,2025-03-24,8,720
1747,2,9,2025-03-18,6,1500
1748,3,1,2024-06-07,9,10800
1749,4,8,2024-10-27,8,560
1750,4,9,2024-04-07,1,250
1751,4,11,2025-05-03,4,360
1752,4,7,2024-09-13,10,1500
1753,6,5,2024-12-12,4,200
1754,4,4,2024-07-25,2,50
1755,4,5,2024-05-28,4,200
1756,5,4,2025-09-16,5,125
1757,1,4,2025-01-27,3,75
1758,2,3,2025-07-11,1,500
1759,5,10,2024-05-14,6,1080
1760,2,8,2024-05-12,9,630
1761,6,8,2024-04-10,5,350
1762,3,11,2024-01-25,2,180
1763,2,11,2024-08-22,4,360
1764,4,1,2025-07-03,7,8400
1765,3,6,2024-02-09,3,900
1766,1,5,2024-04-07,9,450
1767,2,4,2024-07-22,4,100
1768,6,4,2024-10-23,5,125
1769,6,5,2024-10-25,4,200
1770,3,3,2024-11-01,10,5000
1771,2,4,2024-09-28,3,75
1772,1,8,2024-09-15,4,280
1773,1,12,2025-05-06,3,660
1774,3,7,2025-02-18,10,1500
1775,4,11,2024-11-05,5,450
1776,4,9,2024-08-30,3,750
1777,6,7,2024-04-09,9,1350
1778,6,6,2024-08-15,5,1500
1779,5,5,2024-02-20,10,500
1780,3,9,2024-09-19,9,2250
1781,1,10,2024-09-05,8,1440
1782,3,3,2024-01-22,4,2000
1783,4,6,2024-10-18,5,1500
1784,3,10,2025-03-07,2,360
1785,1,1,2025-04-01,6,7200
1786,2,3,2024-09-29,8,4000
1787,6,2,2024-06-30,7,5600
1788,6,12,2024-03-16,10,2200
1789,4,4,2024-12-02,6,150
1790,1,2,2025-12-15,4,3200
1791,5,2,2025-03-15,9,7200
1792,3,5,2024-05-19,1,50
1793,4,9,2024-03-31,5,1250
1794,1,3,2024-02-16,8,4000
1795,2,10,2024-12-14,3,540
1796,1,11,2025-01-09,9,810
1797,1,9,2025-11-01,6,1500
1798,3,2,2024-02-21,2,1600
1799,1,10,2025-08-17,1,180
1800,6,8,2024-10-24,1,70
1801,4,10,2025-10-02,2,360
1802,3,3,2024-09-14,1,500
1803,1,6,2024-02-29,10,3000
1804,1,11,2024-01-01,2,180
1805,3,7,2025-08-29,9,1350
1806,6,12,2024-05-17,8,1760
1807,1,1,2025-11-27,9,10800
1808,4,3,2024-08-03,1,500
1809,5,10,2025-10-25,5,900
1810,2,1,2024-05-12,8,9600
1811,1,8,2025-10-19,5,350
1812,2,5,2025-10-12,9,450
1813,4,3,2025-08-24,10,5000
1814,1,8,2025-12-20,7,490
1815,6,12,2025-03-14,8,1760
1816,2,9,2024-08-04,10,2500
1817,3,1,2025-01-27,10,12000
1818,3,9,2024-10-24,6,1500
1819,6,1,2025-06-23,10,12000
1820,1,3,2025-08-18,10,5000
1821,5,8,2024-05-15,2,140
1822,6,5,2024-12-31,3,150
1823,1,6,2024-11-29,8,2400
1824,1,4,2025-11-21,3,75
1825,3,12,2025-01-09,6,1320
1826,6,9,2025-05-05,7,1750
1827,5,2,2025-07-15,4,3200
1828,3,7,2025-05-29,8,1200
1829,2,2,2025-02-09,5,4000
1830,3,1,2025-05-16,6,7200
1831,3,8,2024-05-21,9,630
1832,1,1,2025-04-09,3,3600
1833,3,5,2024-09-19,9,450
1834,3,8,2025-03-18,1,70
1835,3,10,2024-11-19,5,900
1836,1,4,2025-05-29,4,100
1837,5,1,2024-11-21,7,8400
1838,1,5,2024-04-30,3,150
1839,5,1,2025-09-03,6,7200
1840,3,12,2024-04-16,5,1100
1841,6,1,2024-04-16,10,12000
1842,1,9,2025-07-25,5,1250
1843,2,4,2024-11-22,1,25
1844,6,12,2024-03-25,7,1540
1845,2,3,2024-06-12,8,4000
1846,2,8,2024-10-29,7,490
1847,6,10,2025-08-25,7,1260
1848,6,2,2024-10-15,3,2400
1849,6,5,2025-10-11,10,500
1850,2,12,2024-08-03,2,440
1851,6,12,2024-01-08,10,2200
1852,3,3,2025-08-03,7,3500
1853,6,12,2024-12-14,2,440
1854,1,11,2025-08-24,3,270
1855,4,12,2025-07-25,3,660
1856,1,1,2024-07-06,8,9600
1857,1,12,2024-07-06,5,1100
1858,6,6,2024-07-05,4,1200
1859,2,7,2024-11-21,7,1050
1860,2,4,2024-06-09,9,225
1861,4,2,2025-10-24,2,1600
1862,4,11,2025-05-27,6,540
1863,4,9,2025-05-02,6,1500
1864,1,6,2025-08-17,3,900
1865,5,8,2024-07-21,3,210
1866,5,11,2024-05-15,2,180
1867,6,5,2025-06-24,10,500
1868,1,5,2025-12-21,9,450
1869,1,9,2025-04-19,7,1750
1870,6,9,2025-04-07,8,2000
1871,1,4,2025-12-29,7,175
1872,2,4,2024-07-26,3,75
1873,5,1,2025-10-05,10,12000
1874,2,8,2025-08-27,8,560
1875,1,5,2024-08-03,2,100
1876,6,10,2025-08-09,7,1260
1877,1,9,2025-09-29,2,500
1878,5,12,2025-02-01,10,2200
1879,3,9,2025-09-07,10,2500
1880,4,5,2024-10-27,7,350
1881,1,8,2024-11-13,9,630
1882,5,10,2024-01-24,7,1260
1883,1,11,2025-03-15,4,360
1884,4,1,2024-10-22,10,12000
1885,4,9,2025-07-10,7,1750
1886,3,5,2025-05-26,1,50
1887,3,8,2024-08-26,4,280
1888,6,3,2025-04-21,3,1500
1889,5,3,2024-07-04,9,4500
1890,2,5,2024-04-17,3,150
1891,2,1,2025-06-03,7,8400
1892,5,8,2024-01-01,3,210
1893,1,8,2024-04-17,1,70
1894,4,11,2024-04-14,6,540
1895,6,1,2024-01-28,7,8400
1896,4,8,2024-05-22,9,630
1897,3,7,2024-05-23,4,600
1898,6,7,2024-05-03,2,300
1899,2,5,2024-12-31,1,50
1900,3,7,2024-10-17,1,150
1901,6,11,2024-03-07,9,810
1902,6,11,2024-10-09,3,270
1903,4,4,2024-02-07,8,200
1904,1,9,2025-11-05,10,2500
1905,3,5,2025-06-15,8,400
1906,3,6,2024-01-18,7,2100
1907,3,2,2025-03-13,2,1600
1908,1,3,2024-07-25,5,2500
1909,3,9,2024-02-07,6,1500
1910,6,9,2024-08-16,2,500
1911,6,10,2025-04-15,5,900
1912,3,6,2025-07-25,5,1500
1913,5,11,2025-10-06,8,720
1914,5,3,2025-10-19,7,3500
1915,6,7,2025-11-22,5,750
1916,2,12,2025-03-10,5,1100
1917,4,8,2024-04-20,6,420
1918,1,8,2025-01-04,5,350
1919,2,5,2025-10-06,4,200
1920,1,5,2025-08-27,5,250
1921,4,8,2024-10-27,6,420
1922,2,7,2025-05-14,5,750
1923,6,1,2025-02-23,5,6000
1924,3,8,2025-12-26,4,280
1925,3,8,2025-08-01,4,280
1926,5,8,2025-12-01,2,140
1927,6,12,2024-12-27,2,440
1928,4,5,2024-08-02,8,400
1929,5,2,2025-05-26,10,8000
1930,2,9,2024-09-04,9,2250
1931,6,6,2025-11-18,8,2400
1932,4,5,2025-04-03,4,200
1933,6,5,2024-12-29,5,250
1934,2,2,2025-05-12,10,8000
1935,3,12,2025-02-14,8,1760
1936,4,10,2024-04-04,8,1440
1937,2,11,2025-04-18,9,810
1938,3,7,2025-02-06,7,1050
1939,3,4,2025-05-27,10,250
1940,1,11,2024-07-19,1,90
1941,6,3,2024-10-24,9,4500
1942,4,6,2024-01-18,10,3000
1943,1,7,2024-05-01,8,1200
1944,2,6,2024-09-19,7,2100
1945,4,3,2024-09-15,3,1500
1946,5,11,2024-03-15,9,810
1947,2,3,2024-06-14,2,1000
1948,1,3,2025-09-13,1,500
1949,6,11,2025-04-14,9,810
1950,3,12,2024-11-25,7,1540
1951,1,10,2025-04-14,3,540
1952,3,11,2024-05-10,1,90
1953,3,12,2025-09-04,8,1760
1954,4,3,2024-05-17,4,2000
1955,6,9,2024-08-16,9,2250
1956,4,12,2024-07-04,10,2200
1957,3,2,2025-06-18,1,800
1958,4,9,2025-12-15,1,250
1959,1,2,2025-03-29,7,5600
1960,5,9,2024-12-24,10,2500
1961,3,4,2025-04-06,3,75
1962,3,2,2024-11-11,7,5600
1963,4,6,2025-05-13,10,3000
1964,5,6,2024-08-14,1,300
1965,1,11,2025-02-01,4,360
1966,2,8,2024-05-28,6,420
1967,5,9,2025-04-27,8,2000
1968,6,9,2025-03-17,7,1750
1969,5,5,2025-05-19,6,300
1970,6,12,2025-09-04,10,2200
1971,2,1,2025-01-29,1,1200
1972,2,10,2025-11-13,8,1440
1973,4,9,2024-10-16,2,500
1974,4,7,2025-12-22,6,900
1975,6,9,2024-09-12,3,750
1976,6,11,2025-04-19,10,900
1977,1,2,2024-12-03,2,1600
1978,6,5,2025-05-26,7,350
1979,5,11,2024-11-07,7,630
1980,5,9,2025-03-07,3,750
1981,4,7,2024-06-05,3,450
1982,3,11,2025-04-26,1,90
1983,5,5,2025-03-13,9,450
1984,2,7,2024-07-06,9,1350
1985,3,7,2025-02-18,5,750
1986,2,10,2025-10-23,6,1080
1987,6,8,2024-01-14,6,420
1988,1,1,2025-05-06,9,10800
1989,4,7,2025-10-30,6,900
1990,1,11,2024-01-13,1,90
1991,1,7,2025-12-04,1,150
1992,6,4,2024-07-06,1,25
1993,5,6,2025-05-06,1,300
1994,4,4,2024-02-21,3,75
1995,4,12,2025-02-19,1,220
1996,6,10,2025-11-21,7,1260
1997,4,6,2025-06-04,3,900
1998,6,8,2024-04-22,1,70
1999,5,6,2025-01-10,2,600
2000,5,1,2025-04-10,8,9600
2001,3,10,2024-11-14,4,720
2002,3,10,2024-11-03,4,720
2003,2,3,2025-08-18,1,500
2004,4,2,2024-07-20,6,4800
2005,5,11,2024-06-15,9,810
2006,3,4,2024-01-26,6,150
2007,4,9,2025-06-26,10,2500
2008,1,1,2024-05-29,8,9600
2009,3,10,2024-06-08,1,180
2010,5,1,2025-09-11,8,9600
2011,1,12,2025-12-09,5,1100
2012,1,6,2025-05-21,7,2100
2013,6,7,2025-09-19,9,1350
2014,1,8,2025-07-03,7,490
2015,6,10,2024-05-15,4,720
2016,2,5,2025-06-01,8,400
2017,3,1,2024-05-18,9,10800
2018,3,4,2024-12-10,3,75
2019,1,7,2025-02-08,1,150
2020,3,9,2024-01-22,5,1250
2021,5,2,2025-02-14,8,6400
2022,3,8,2024-10-25,9,630
2023,5,3,2024-04-06,9,4500
2024,1,5,2024-10-14,8,400
2025,1,5,2025-07-27,8,400
2026,3,1,2024-06-12,8,9600
2027,2,11,2024-11-29,4,360
2028,2,2,2025-09-11,6,4800
2029,2,3,2025-02-25,5,2500
2030,2,10,2025-04-19,9,1620
2031,6,1,2025-10-30,4,4800
2032,5,1,2024-10-07,8,9600
2033,3,6,2024-12-02,8,2400
2034,5,5,2024-11-13,8,400
2035,4,6,2024-08-11,9,2700
2036,4,11,2025-12-03,2,180
2037,2,4,2025-01-05,10,250
2038,5,11,2024-09-10,5,450
2039,3,11,2024-11-02,1,90
2040,6,10,2024-01-13,2,360
2041,1,10,2025-01-02,5,900
2042,2,7,2024-07-03,9,1350
2043,2,10,2024-10-21,9,1620
2044,2,3,2024-08-13,2,1000
2045,1,2,2024-08-05,1,800
2046,2,6,2025-08-13,9,2700
2047,1,8,2024-06-10,1,70
2048,2,10,2025-03-18,8,1440
2049,5,1,2025-09-06,5,6000
2050,3,6,2024-12-20,3,900
2051,5,5,2024-05-01,2,100
2052,5,1,2025-07-30,7,8400
2053,2,7,2024-03-03,1,150
2054,2,1,2024-12-28,2,2400
2055,1,3,2025-11-05,4,2000
2056,6,8,2025-09-25,9,630
2057,3,7,2024-07-22,6,900
2058,1,9,2025-10-18,1,250
2059,2,4,2025-05-22,2,50
2060,1,2,2025-01-02,7,5600
2061,6,2,2025-07-22,1,800
2062,4,4,2024-11-12,9,225
2063,2,7,2025-02-03,8,1200
2064,1,8,2025-07-21,1,70
2065,2,11,2024-02-19,3,270
2066,2,6,2024-07-05,6,1800
2067,3,8,2024-09-26,7,490
2068,5,5,2024-06-11,4,200
2069,3,3,2024-08-16,3,1500
2070,4,12,2024-10-16,8,1760
2071,4,11,2025-06-13,6,540
2072,4,2,2024-01-12,8,6400
2073,5,8,2025-04-28,2,140
2074,4,7,2025-10-20,9,1350
2075,5,12,2025-08-05,1,220
2076,5,10,2025-05-09,10,1800
2077,2,8,2025-03-18,5,350
2078,4,9,2024-08-23,10,2500
2079,2,12,2025-10-10,6,1320
2080,1,6,2025-09-19,1,300
2081,5,8,2025-09-24,3,210
2082,5,3,2025-02-14,4,2000
2083,5,9,2024-10-08,1,250
2084,1,1,2024-05-25,5,6000
2085,4,11,2025-06-06,1,90
2086,1,6,2024-09-07,1,300
2087,3,1,2025-01-28,3,3600
2088,6,8,2024-04-05,1,70
2089,1,2,2024-12-11,10,8000
2090,5,4,2025-05-13,9,225
2091,3,1,2024-07-01,3,3600
2092,1,12,2025-02-27,7,1540
2093,6,11,2025-06-10,5,450
2094,2,11,2025-11-17,7,630
2095,2,10,2025-02-26,6,1080
2096,2,7,2025-05-02,5,750
2097,1,12,2024-06-29,2,440
2098,1,7,2024-07-29,7,1050
2099,2,1,2024-05-18,3,3600
2100,2,11,2025-11-27,8,720
2101,4,4,2024-04-22,8,200
2102,6,1,2025-04-15,2,2400
2103,1,1,2025-12-20,7,8400
2104,4,2,2025-05-31,3,2400
2105,4,4,2024-07-27,8,200
2106,1,2,2025-06-05,7,5600
2107,5,7,2024-03-24,6,900
2108,2,10,2025-05-29,10,1800
2109,2,12,2024-07-11,9,1980
2110,3,2,2025-12-16,5,4000
2111,2,2,2024-10-09,3,2400
2112,3,9,2024-03-29,8,2000
2113,6,7,2024-07-24,2,300
2114,3,11,2024-04-03,9,810
2115,5,1,2025-03-17,5,6000
2116,1,6,2024-06-27,5,1500
2117,1,3,2024-06-10,2,1000
2118,1,3,2025-01-22,7,3500
2119,1,5,2024-04-23,7,350
2120,6,5,2025-09-21,2,100
2121,3,12,2024-07-27,9,1980
2122,4,11,2025-02-09,2,180
2123,2,7,2025-02-15,2,300
2124,2,5,2025-05-18,5,250
2125,4,5,2024-03-10,6,300
2126,5,8,2025-07-06,7,490
2127,3,6,2025-04-04,5,1500
2128,4,5,2024-02-10,5,250
2129,4,6,2025-02-20,1,300
2130,2,9,2024-12-10,5,1250
2131,2,12,2025-07-09,3,660
2132,2,7,2024-12-04,7,1050
2133,5,10,2025-05-18,2,360
2134,1,2,2024-09-03,2,1600
2135,5,10,2024-10-24,6,1080
2136,3,11,2025-06-15,3,270
2137,4,10,2025-11-22,2,360
2138,5,2,2025-05-11,9,7200
2139,3,10,2024-10-31,10,1800
2140,1,2,2025-09-02,10,8000
2141,5,7,2024-10-02,4,600
2142,3,5,2025-01-01,7,350
2143,2,6,2025-07-29,7,2100
2144,6,6,2025-02-21,2,600
2145,6,2,2024-02-26,7,5600
2146,6,2,2025-08-03,1,800
2147,2,5,2025-06-23,3,150
2148,3,10,2024-09-09,7,1260
2149,6,11,2025-12-21,6,540
2150,3,12,2025-01-04,10,2200
2151,6,1,2024-03-31,5,6000
2152,4,11,2024-05-04,10,900
2153,6,5,2025-08-15,8,400
2154,3,6,2025-02-23,6,1800
2155,5,10,2025-08-27,5,900
2156,5,8,2024-11-05,8,560
2157,4,9,2025-06-14,6,1500
2158,5,7,2024-11-09,10,1500
2159,6,1,2025-11-20,2,2400
2160,5,12,2025-01-02,2,440
2161,3,5,2024-02-12,7,350
2162,4,6,2024-06-18,8,2400
2163,1,1,2024-02-12,6,7200
2164,1,12,2025-12-02,7,1540
2165,2,4,2025-05-13,9,225
2166,5,11,2024-12-02,3,270
2167,5,6,2025-01-14,2,600
2168,1,12,2024-07-22,7,1540
2169,3,8,2025-10-12,9,630
2170,4,12,2024-01-01,5,1100
2171,3,1,2025-10-16,8,9600
2172,1,2,2024-11-28,4,3200
2173,5,6,2025-04-24,3,900
2174,5,2,2024-01-10,1,800
2175,4,12,2025-12-23,6,1320
2176,2,11,2025-05-17,2,180
2177,1,6,2024-03-24,7,2100
2178,4,3,2025-09-30,4,2000
2179,4,10,2024-01-30,9,1620
2180,5,3,2024-07-31,6,3000
2181,5,1,2024-05-18,1,1200
2182,5,3,2025-03-14,6,3000
2183,4,12,2024-08-14,10,2200
2184,6,4,2024-05-05,6,150
2185,4,12,2025-10-09,1,220
2186,2,5,2025-08-25,6,300
2187,2,12,2024-10-03,4,880
2188,3,10,2024-05-11,6,1080
2189,6,8,2024-01-22,4,280
2190,3,4,2024-08-27,5,125
2191,6,3,2024-01-26,7,3500
2192,5,7,2025-03-22,3,450
2193,6,6,2025-05-01,5,1500
2194,5,2,2024-12-23,2,1600
2195,2,12,2024-09-09,3,660
2196,5,12,2024-05-02,3,660
2197,6,7,2024-12-16,8,1200
2198,3,12,2025-11-12,10,2200
2199,2,10,2025-08-02,3,540
2200,4,12,2024-03-21,10,2200
2201,5,8,2025-08-12,4,280
2202,2,10,2024-05-08,6,1080
2203,3,7,2025-06-04,1,150
2204,4,8,2024-01-13,6,420
2205,2,2,2025-05-14,1,800
2206,2,1,2024-12-11,4,4800
2207,1,3,2025-10-22,6,3000
2208,3,1,2024-09-18,1,1200
2209,2,12,2024-01-21,4,880
2210,6,11,2024-03-23,8,720
2211,3,7,2025-04-21,6,900
2212,2,11,2024-02-05,5,450
2213,4,12,2025-03-16,1,220
2214,5,12,2025-10-06,4,880
2215,5,4,2024-09-13,9,225
2216,2,7,2025-11-02,2,300
2217,4,2,2025-10-23,5,4000
2218,4,8,2024-08-10,7,490
2219,1,1,2025-02-05,5,6000
2220,4,3,2024-05-22,1,500
2221,6,7,2024-10-06,4,600
2222,2,10,2025-05-04,6,1080
2223,3,6,2024-01-16,7,2100
2224,6,12,2025-07-17,5,1100
2225,2,5,2024-04-27,5,250
2226,1,12,2024-10-01,1,220
2227,4,5,2024-08-28,6,300
2228,2,10,2024-03-03,3,540
2229,5,3,2025-08-12,3,1500
2230,6,7,2024-11-30,3,450
2231,2,7,2024-12-19,2,300
2232,5,7,2024-07-02,7,1050
2233,4,2,2025-01-14,10,8000
2234,3,2,2024-04-14,4,3200
2235,2,3,2025-09-29,4,2000
2236,1,2,2025-10-24,10,8000
2237,6,2,2024-05-01,6,4800
2238,5,9,2024-11-03,1,250
2239,4,2,2024-11-29,1,800
2240,2,10,2024-03-01,8,1440
2241,6,2,2025-11-25,10,8000
2242,4,4,2024-06-06,3,75
2243,1,1,2024-03-11,2,2400
2244,5,10,2025-08-10,1,180
2245,6,11,2025-02-14,10,900
2246,1,1,2024-10-02,3,3600
2247,2,2,2024-11-25,6,4800
2248,3,3,2025-06-30,3,1500
2249,2,11,2025-10-08,10,900
2250,1,12,2025-03-24,8,1760
2251,2,5,2025-10-17,5,250
2252,6,5,2025-12-28,6,300
2253,4,9,2025-01-18,5,1250
2254,5,9,2025-09-13,6,1500
2255,1,2,2024-04-11,7,5600
2256,4,11,2024-02-18,7,630
2257,6,9,2024-05-17,5,1250
2258,2,5,2024-05-26,10,500
2259,4,2,2025-01-06,10,8000
2260,6,5,2024-10-15,1,50
2261,1,3,2024-08-23,5,2500
2262,5,10,2025-12-28,7,1260
2263,1,1,2025-09-10,9,10800
2264,5,12,2024-04-03,5,1100
2265,5,8,2024-04-27,1,70
2266,1,12,2024-05-20,6,1320
2267,2,5,2025-06-13,7,350
2268,4,11,2025-12-03,10,900
2269,1,9,2025-07-05,8,2000
2270,3,7,2025-10-21,4,600
2271,4,11,2024-03-05,2,180
2272,3,11,2025-04-20,5,450
2273,1,12,2024-10-03,7,1540
2274,2,2,2024-04-08,4,3200
2275,6,9,2024-12-15,1,250
2276,1,3,2025-11-11,4,2000
2277,2,10,2024-03-03,9,1620
2278,1,9,2024-01-25,1,250
2279,5,3,2024-01-11,8,4000
2280,2,12,2025-07-30,2,440
2281,5,12,2025-05-29,4,880
2282,2,11,2025-05-21,2,180
2283,4,11,2025-02-06,3,270
2284,6,1,2024-08-05,6,7200
2285,1,2,2024-07-08,2,1600
2286,1,6,2025-06-29,7,2100
2287,2,10,2025-07-08,9,1620
2288,6,9,2024-01-14,2,500
2289,5,6,2025-01-07,10,3000
2290,6,11,2025-01-29,8,720
2291,4,4,2025-07-02,7,175
2292,4,7,2025-10-14,10,1500
2293,3,2,2024-11-05,6,4800
2294,3,3,2025-04-19,8,4000
2295,4,10,2025-05-14,5,900
2296,6,3,2024-12-28,2,1000
2297,6,8,2025-12-03,2,140
2298,2,9,2025-03-12,4,1000
2299,6,4,2024-09-14,10,250
2300,6,11,2024-02-02,3,270
2301,5,12,2024-03-15,9,1980
2302,6,5,2024-12-01,10,500
2303,1,8,2025-12-16,9,630
2304,6,8,2024-09-16,2,140
2305,4,11,2025-10-29,3,270
2306,2,4,2025-09-08,5,125
2307,4,4,2025-02-13,9,225
2308,4,7,2025-11-21,3,450
2309,6,12,2025-03-09,6,1320
2310,4,11,2025-08-24,6,540
2311,3,10,2025-08-28,10,1800
2312,1,11,2024-06-06,3,270
2313,4,5,2024-05-30,2,100
2314,5,8,2024-10-02,1,70
2315,4,9,2025-04-19,8,2000
2316,4,7,2024-10-13,6,900
2317,6,5,2025-08-19,5,250
2318,2,4,2025-10-23,8,200
2319,6,12,2025-04-03,10,2200
2320,6,6,2024-11-27,7,2100
2321,6,10,2025-10-15,8,1440
2322,3,2,2025-02-07,5,4000
2323,3,9,2025-08-10,2,500
2324,5,11,2025-11-11,1,90
2325,6,3,2025-04-06,3,1500
2326,2,5,2024-01-21,6,300
2327,1,11,2025-01-13,5,450
2328,3,8,2024-01-14,6,420
2329,6,2,2025-08-30,1,800
2330,3,10,2024-04-04,8,1440
2331,4,3,2025-07-09,3,1500
2332,5,5,2025-04-20,10,500
2333,2,11,2024-07-06,10,900
2334,4,2,2024-07-24,2,1600
2335,6,3,2025-07-08,8,4000
2336,5,6,2025-12-28,6,1800
2337,4,8,2025-03-16,5,350
2338,4,9,2025-08-28,5,1250
2339,3,3,2025-11-20,9,4500
2340,1,11,2024-02-11,3,270
2341,1,7,2025-04-26,8,1200
2342,3,11,2024-12-23,6,540
2343,5,8,2025-10-02,3,210
2344,1,1,2025-11-26,1,1200
2345,5,1,2025-12-16,5,6000
2346,6,6,2024-02-02,7,2100
2347,6,5,2024-12-27,1,50
2348,4,7,2024-09-14,8,1200
2349,1,11,2024-11-29,8,720
2350,5,3,2024-11-25,1,500
2351,5,4,2025-02-10,7,175
2352,4,5,2024-08-14,9,450
2353,3,9,2024-07-29,7,1750
2354,3,12,2024-06-12,3,660
2355,2,11,2025-10-13,2,180
2356,1,12,2025-11-14,8,1760
2357,6,12,2025-10-18,9,1980
2358,4,1,2024-08-26,8,9600
2359,4,7,2025-02-13,2,300
2360,5,12,2024-06-22,6,1320
2361,5,1,2025-06-21,3,3600
2362,5,3,2025-03-06,4,2000
2363,5,1,2024-12-01,2,2400
2364,4,1,2025-11-11,4,4800
2365,4,4,2024-04-21,9,225
2366,3,8,2024-10-08,1,70
2367,3,11,2024-04-22,2,180
2368,6,4,2025-11-05,4,100
2369,3,3,2025-01-12,6,3000
2370,5,2,2024-02-19,2,1600
2371,4,6,2024-08-18,1,300
2372,2,7,2024-03-01,1,150
2373,1,8,2024-08-29,6,420
2374,3,12,2024-07-31,8,1760
2375,2,3,2025-08-29,2,1000
2376,6,2,2024-05-29,1,800
2377,2,8,2025-05-12,1,70
2378,5,11,2025-08-22,7,630
2379,1,9,2024-05-17,6,1500
2380,6,8,2024-11-05,7,490
2381,2,7,2024-10-17,9,1350
2382,3,11,2025-01-21,6,540
2383,4,6,2024-06-20,2,600
2384,6,1,2024-12-27,3,3600
2385,1,7,2024-08-22,3,450
2386,1,10,2024-10-13,7,1260
2387,6,7,2024-08-12,9,1350
2388,2,3,2024-09-28,2,1000
2389,1,11,2025-06-26,6,540
2390,5,4,2024-06-16,7,175
2391,4,6,2025-12-30,9,2700
2392,3,9,2024-05-09,3,750
2393,5,4,2025-12-16,4,100
2394,5,2,2025-09-07,2,1600
2395,4,2,2025-06-05,1,800
2396,4,7,2024-05-19,2,300
2397,4,1,2025-01-23,10,12000
2398,4,10,2025-01-20,9,1620
2399,4,11,2025-05-24,7,630
2400,5,12,2024-02-01,6,1320
2401,5,4,2025-10-03,9,225
2402,2,6,2024-11-18,2,600
2403,5,7,2025-05-09,3,450
2404,3,6,2025-09-21,7,2100
2405,5,12,2025-06-16,5,1100
2406,1,2,2024-05-09,8,6400
2407,2,6,2025-07-31,6,1800
2408,2,2,2024-02-03,6,4800
2409,3,12,2024-01-24,5,1100
2410,5,3,2025-03-30,5,2500
2411,6,7,2024-11-03,6,900
2412,6,9,2024-02-03,8,2000
2413,1,11,2025-05-07,6,540
2414,3,9,2025-05-05,2,500
2415,4,3,2024-01-12,7,3500
2416,3,9,2024-09-22,1,250
2417,2,10,2024-09-19,5,900
2418,6,2,2024-10-09,3,2400
2419,6,1,2025-06-26,9,10800
2420,1,9,2025-07-05,1,250
2421,1,11,2024-04-30,7,630
2422,5,2,2025-04-27,9,7200
2423,5,12,2024-10-19,9,1980
2424,1,9,2024-10-20,7,1750
2425,4,5,2024-05-19,2,100
2426,3,3,2025-05-21,2,1000
2427,4,9,2024-08-12,9,2250
2428,2,9,2025-03-27,9,2250
2429,6,8,2025-05-06,2,140
2430,6,8,2024-11-01,3,210
2431,5,1,2025-01-02,1,1200
2432,6,4,2025-06-26,9,225
2433,6,9,2024-06-16,6,1500
2434,5,2,2025-10-12,8,6400
2435,1,8,2024-03-03,1,70
2436,2,5,2024-07-13,2,100
2437,6,6,2024-06-23,9,2700
2438,5,8,2025-10-01,10,700
2439,2,6,2025-01-01,8,2400
2440,3,6,2025-08-09,10,3000
2441,4,4,2025-06-20,10,250
2442,6,2,2025-12-10,9,7200
2443,2,12,2024-08-29,10,2200
2444,3,9,2025-12-01,10,2500
2445,2,7,2024-02-08,8,1200
2446,3,2,2024-11-27,7,5600
2447,6,3,2025-01-01,8,4000
2448,4,8,2025-07-07,4,280
2449,2,2,2024-04-08,4,3200
2450,1,1,2024-12-05,1,1200
2451,3,6,2025-05-09,10,3000
2452,4,3,2025-08-20,5,2500
2453,2,3,2024-11-05,9,4500
2454,4,1,2025-03-23,6,7200
2455,6,5,2024-08-01,5,250
2456,5,4,2024-09-04,5,125
2457,4,9,2025-09-20,7,1750
2458,3,2,2025-06-11,7,5600
2459,6,9,2025-10-01,3,750
2460,5,1,2024-12-31,3,3600
2461,1,11,2025-01-07,10,900
2462,4,11,2024-03-14,5,450
2463,5,8,2024-09-21,10,700
2464,5,11,2025-02-06,8,720
2465,1,5,2024-07-15,7,350
2466,5,12,2025-10-27,9,1980
2467,6,6,2024-10-24,9,2700
2468,3,9,2024-04-26,10,2500
2469,3,1,2024-08-11,7,8400
2470,1,9,2025-03-30,3,750
2471,3,8,2025-09-09,5,350
2472,2,4,2025-05-13,5,125
2473,4,5,2024-01-31,9,450
2474,2,10,2025-03-13,7,1260
2475,2,10,2025-09-13,4,720
2476,2,10,2025-10-15,9,1620
2477,4,4,2024-04-23,9,225
2478,5,11,2025-12-06,2,180
2479,5,3,2025-12-22,9,4500
2480,3,10,2024-01-12,1,180
2481,4,12,2025-11-17,5,1100
2482,5,10,2024-01-06,4,720
2483,1,9,2024-02-10,1,250
2484,3,9,2025-09-01,6,1500
2485,3,12,2024-07-12,3,660
2486,4,2,2024-08-11,1,800
2487,1,12,2024-03-21,8,1760
2488,4,7,2024-01-25,9,1350
2489,5,3,2025-02-28,2,1000
2490,4,12,2024-10-17,9,1980
2491,4,1,2024-04-02,5,6000
2492,2,9,2025-07-11,3,750
2493,6,8,2025-07-04,1,70
2494,6,7,2025-05-21,3,450
2495,3,10,2024-09-15,4,720
2496,6,4,2025-07-12,9,225
2497,3,9,2024-01-06,8,2000
2498,2,11,2025-12-12,4,360
2499,3,5,2024-08-28,3,150
2500,1,1,2024-12-23,5,6000
2501,5,7,2024-01-03,8,1200
2502,1,2,2024-07-12,1,800
2503,1,12,2024-08-03,4,880
2504,3,2,2024-12-30,7,5600
2505,6,6,2024-05-30,4,1200
2506,4,1,2024-02-19,5,6000
2507,3,10,2024-10-18,3,540
2508,4,3,2025-09-16,5,2500
2509,3,3,2025-06-19,6,3000
2510,4,5,2024-08-04,10,500
2511,2,12,2025-04-17,1,220
2512,2,9,2025-08-02,9,2250
2513,3,2,2025-10-02,8,6400
2514,4,5,2025-01-12,3,150
2515,2,2,2024-07-30,4,3200
2516,6,3,2025-02-07,8,4000
2517,6,6,2024-05-02,9,2700
2518,2,10,2025-05-23,4,720
2519,4,11,2024-06-04,8,720
2520,1,3,2025-06-10,7,3500
2521,1,10,2025-05-17,1,180
2522,3,8,2024-04-26,6,420
2523,1,10,2024-02-25,4,720
2524,3,2,2024-10-14,8,6400
2525,2,4,2024-09-06,2,50
2526,1,3,2024-05-15,9,4500
2527,2,9,2024-01-22,2,500
2528,5,5,2024-11-24,1,50
2529,6,8,2024-02-10,9,630
2530,4,4,2025-10-10,4,100
2531,3,11,2025-02-09,6,540
2532,3,9,2024-05-29,6,1500
2533,5,11,2025-01-19,8,720
2534,3,2,2024-08-19,3,2400
2535,5,8,2025-12-08,9,630
2536,1,12,2024-04-18,7,1540
2537,3,5,2025-06-25,4,200
2538,4,5,2024-01-27,5,250
2539,4,10,2025-08-28,4,720
2540,3,3,2024-01-10,2,1000
2541,2,10,2025-03-17,3,540
2542,4,12,2024-10-01,4,880
2543,1,7,2025-03-04,8,1200
2544,3,5,2024-11-25,2,100
2545,6,4,2025-07-28,3,75
2546,6,6,2024-08-29,3,900
2547,6,7,2025-01-09,2,300
2548,3,5,2025-04-14,5,250
2549,3,4,2024-12-10,7,175
2550,3,12,2025-07-04,8,1760
2551,3,10,2024-10-23,5,900
2552,1,9,2025-08-19,4,1000
2553,5,10,2024-08-12,2,360
2554,2,9,2025-11-10,8,2000
2555,2,11,2024-06-04,7,630
2556,1,9,2024-03-14,1,250
2557,3,7,2024-08-01,10,1500
2558,4,3,2024-07-05,3,1500
2559,2,1,2024-06-16,8,9600
2560,1,9,2024-04-18,5,1250
2561,1,10,2024-12-16,10,1800
2562,5,4,2025-10-18,5,125
2563,4,11,2025-04-16,9,810
2564,3,9,2024-10-16,3,750
2565,2,2,2025-12-29,4,3200
2566,5,6,2025-09-26,1,300
2567,5,3,2025-11-18,4,2000
2568,1,12,2024-12-26,2,440
2569,1,8,2025-04-11,5,350
2570,4,10,2024-03-20,9,1620
2571,6,5,2025-01-08,3,150
2572,1,10,2024-08-30,6,1080
2573,4,1,2024-02-04,10,12000
2574,5,8,2024-07-21,3,210
2575,5,6,2025-11-28,6,1800
2576,6,4,2024-04-12,6,150
2577,3,5,2025-11-11,3,150
2578,4,4,2025-05-18,10,250
2579,4,1,2025-01-12,2,2400
2580,3,6,2024-02-05,4,1200
2581,5,8,2024-04-17,10,700
2582,5,12,2025-04-14,4,880
2583,3,2,2025-01-15,6,4800
2584,4,3,2024-02-14,6,3000
2585,4,12,2024-05-29,6,1320
2586,5,1,2024-08-18,1,1200
2587,1,5,2024-05-29,9,450
2588,3,5,2025-01-03,4,200
2589,3,11,2025-03-28,5,450
2590,6,10,2025-06-05,10,1800
2591,2,6,2024-12-19,2,600
2592,5,4,2024-02-09,1,25
2593,6,9,2025-01-12,5,1250
2594,3,12,2025-07-18,4,880
2595,3,6,2025-08-02,1,300
2596,6,9,2025-05-20,7,1750
2597,5,12,2024-11-09,3,660
2598,1,7,2024-03-09,6,900
2599,4,3,2025-04-05,4,2000
2600,4,5,2025-04-25,9,450
2601,2,1,2024-02-29,7,8400
2602,4,7,2025-02-03,4,600
2603,1,8,2024-10-02,1,70
2604,5,12,2024-10-14,9,1980
2605,6,7,2025-10-10,8,1200
2606,1,12,2024-10-27,7,1540
2607,3,5,2024-10-28,6,300
2608,6,7,2024-08-28,7,1050
2609,6,10,2025-02-26,7,1260
2610,1,7,2025-02-17,7,1050
2611,6,11,2025-02-24,4,360
2612,5,2,2024-08-24,7,5600
2613,1,2,2024-07-23,4,3200
2614,6,11,2025-01-23,4,360
2615,3,3,2024-07-09,4,2000
2616,5,10,2025-08-04,5,900
2617,4,10,2025-12-13,4,720
2618,3,12,2024-07-15,9,1980
2619,3,1,2025-05-20,8,9600
2620,3,5,2024-08-05,6,300
2621,6,6,2025-12-16,4,1200
2622,4,11,2025-10-25,3,270
2623,5,1,2024-06-14,3,3600
2624,6,5,2024-08-28,7,350
2625,1,1,2025-06-26,3,3600
2626,6,2,2025-05-11,1,800
2627,4,8,2024-01-08,4,280
2628,5,5,2025-09-15,10,500
2629,2,11,2025-07-30,2,180
2630,4,11,2025-04-07,1,90
2631,6,12,2024-05-18,7,1540
2632,4,12,2025-05-23,1,220
2633,1,2,2025-03-26,7,5600
2634,4,12,2024-02-20,3,660
2635,5,11,2025-09-09,9,810
2636,6,6,2025-03-08,10,3000
2637,3,4,2025-03-25,3,75
2638,2,11,2025-07-06,8,720
2639,6,2,2024-08-07,4,3200
2640,5,3,2025-01-19,10,5000
2641,2,8,2025-04-03,6,420
2642,2,2,2025-01-05,9,7200
2643,2,5,2025-05-26,6,300
2644,2,8,2025-09-19,5,350
2645,6,4,2025-06-28,3,75
2646,3,3,2024-11-20,8,4000
2647,4,7,2025-05-03,2,300
2648,1,1,2025-07-27,3,3600
2649,3,6,2025-05-09,6,1800
2650,1,5,2024-12-20,10,500
2651,5,10,2025-11-22,4,720
2652,5,8,2024-10-28,1,70
2653,3,4,2025-02-19,4,100
2654,2,9,2025-10-03,8,2000
2655,2,3,2024-08-31,1,500
2656,5,8,2025-12-22,4,280
2657,4,12,2024-06-17,1,220
2658,6,6,2025-01-03,7,2100
2659,5,6,2024-09-21,9,2700
2660,3,7,2024-09-30,1,150
2661,6,5,2024-10-06,1,50
2662,5,12,2024-08-22,1,220
2663,1,8,2024-02-24,5,350
2664,1,2,2025-05-14,1,800
2665,5,11,2025-03-25,5,450
2666,5,11,2024-07-09,2,180
2667,5,8,2024-06-21,5,350
2668,1,6,2024-12-06,9,2700
2669,6,2,2024-07-15,2,1600
2670,4,10,2025-05-19,9,1620
2671,1,9,2025-07-11,7,1750
2672,4,7,2024-03-08,1,150
2673,2,10,2024-04-06,8,1440
2674,4,3,2025-05-02,8,4000
2675,6,7,2025-08-17,7,1050
2676,3,4,2025-02-02,3,75
2677,5,4,2025-08-15,2,50
2678,1,10,2025-10-11,4,720
2679,3,2,2025-04-14,2,1600
2680,3,6,2024-10-14,6,1800
2681,4,8,2024-02-09,2,140
2682,2,9,2024-11-15,7,1750
2683,6,12,2024-11-17,9,1980
2684,2,11,2024-03-17,3,270
2685,3,5,2025-07-19,8,400
2686,4,2,2024-06-10,9,7200
2687,2,3,2025-12-04,7,3500
2688,1,9,2025-01-15,3,750
2689,4,3,2025-08-10,10,5000
2690,6,9,2024-12-30,9,2250
2691,4,3,2025-10-16,10,5000
2692,5,1,2025-12-18,10,12000
2693,1,5,2024-02-17,10,500
2694,1,3,2024-06-19,2,1000
2695,2,8,2025-04-15,6,420
2696,6,4,2025-02-26,6,150
2697,6,6,2024-06-20,2,600
2698,1,1,2025-02-07,6,7200
2699,6,12,2024-10-15,3,660
2700,2,1,2025-01-15,10,12000
2701,3,1,2025-04-06,9,10800
2702,2,6,2025-07-23,9,2700
2703,2,6,2024-10-30,7,2100
2704,4,1,2025-11-12,3,3600
2705,4,7,2025-04-01,4,600
2706,1,8,2024-09-22,10,700
2707,3,3,2025-09-30,6,3000
2708,5,1,2024-10-29,5,6000
2709,5,9,2025-12-20,7,1750
2710,4,5,2025-05-13,4,200
2711,1,12,2024-11-26,3,660
2712,2,8,2025-11-27,5,350
2713,2,4,2025-11-17,1,25
2714,5,12,2024-11-25,5,1100
2715,6,12,2024-12-27,7,1540
2716,4,2,2024-01-05,1,800
2717,6,7,2025-06-06,4,600
2718,6,12,2025-04-08,7,1540
2719,6,12,2024-04-16,9,1980
2720,6,7,2025-08-16,4,600
2721,3,3,2024-06-29,2,1000
2722,6,12,2024-11-28,2,440
2723,5,4,2024-11-03,4,100
2724,1,10,2025-11-23,1,180
2725,4,4,2024-09-30,8,200
2726,1,11,2025-07-19,7,630
2727,5,7,2024-08-16,8,1200
2728,6,11,2025-06-03,6,540
2729,1,9,2024-03-26,10,2500
2730,5,7,2025-05-20,1,150
2731,2,5,2024-08-15,8,400
2732,3,3,2025-08-28,6,3000
2733,2,11,2025-01-22,4,360
2734,4,2,2025-11-27,10,8000
2735,1,9,2024-01-22,1,250
2736,4,10,2024-05-11,4,720
2737,1,10,2024-02-07,8,1440
2738,5,6,2025-08-18,4,1200
2739,3,6,2024-04-03,3,900
2740,1,9,2024-12-17,6,1500
2741,5,9,2025-04-22,2,500
2742,1,3,2025-07-15,3,1500
2743,2,9,2024-03-30,10,2500
2744,3,12,2024-06-07,10,2200
2745,4,2,2024-12-16,8,6400
2746,6,10,2024-08-30,7,1260
2747,4,4,2024-12-28,9,225
2748,2,4,2024-04-15,3,75
2749,1,11,2025-12-25,6,540
2750,2,10,2024-07-14,3,540
2751,6,3,2025-06-02,3,1500
2752,4,6,2024-12-01,8,2400
2753,5,9,2024-07-05,4,1000
2754,4,8,2024-02-28,2,140
2755,4,8,2024-12-24,10,700
2756,4,11,2024-04-15,2,180
2757,1,7,2025-04-19,6,900
2758,4,8,2024-07-18,8,560
2759,4,1,2025-01-11,8,9600
2760,6,9,2024-09-25,10,2500
2761,4,7,2024-10-05,2,300
2762,5,8,2025-12-08,3,210
2763,1,10,2025-12-25,9,1620
2764,2,8,2025-02-24,3,210
2765,2,4,2024-08-25,7,175
2766,4,8,2024-04-18,3,210
2767,1,10,2024-07-18,4,720
2768,5,10,2024-09-26,9,1620
2769,6,2,2025-01-22,2,1600
2770,3,11,2025-07-18,9,810
2771,3,7,2025-08-07,4,600
2772,3,6,2025-05-02,6,1800
2773,5,12,2025-04-18,2,440
2774,1,9,2024-10-15,1,250
2775,3,9,2024-04-04,2,500
2776,4,10,2025-05-31,2,360
2777,2,3,2025-07-28,1,500
2778,1,2,2024-08-15,6,4800
2779,4,10,2024-03-21,10,1800
2780,1,5,2025-04-05,1,50
2781,2,5,2025-05-01,4,200
2782,3,4,2025-04-22,3,75
2783,2,9,2024-05-29,3,750
2784,5,5,2025-09-29,10,500
2785,2,2,2025-11-01,5,4000
2786,2,3,2025-03-30,6,3000
2787,2,12,2025-12-31,7,1540
2788,6,3,2024-05-01,10,5000
2789,3,12,2025-10-15,5,1100
2790,2,11,2024-09-09,5,450
2791,6,3,2025-09-01,7,3500
2792,3,10,2024-05-13,7,1260
2793,1,4,2024-02-26,5,125
2794,3,3,2025-10-08,8,4000
2795,6,5,2024-11-20,4,200
2796,6,11,2024-08-18,6,540
2797,1,6,2024-07-16,9,2700
2798,1,8,2024-04-29,6,420
2799,1,10,2024-03-02,3,540
2800,2,8,2024-01-18,1,70
2801,2,11,2024-01-16,9,810
2802,5,1,2024-03-29,10,12000
2803,4,3,2024-10-03,10,5000
2804,5,2,2024-03-28,4,3200
2805,5,3,2024-02-26,9,4500
2806,1,7,2025-06-03,10,1500
2807,2,10,2025-09-17,5,900
2808,3,3,2024-07-13,4,2000
2809,1,10,2024-05-28,8,1440
2810,2,9,2024-08-10,8,2000
2811,1,9,2024-12-05,8,2000
2812,1,9,2025-10-11,2,500
2813,2,10,2025-01-01,10,1800
2814,3,10,2025-12-15,1,180
2815,5,7,2025-12-05,7,1050
2816,6,6,2024-03-18,5,1500
2817,5,7,2024-01-07,2,300
2818,5,6,2024-01-26,8,2400
2819,3,10,2025-04-29,2,360
2820,4,9,2025-07-25,4,1000
2821,3,5,2024-12-23,7,350
2822,4,4,2025-12-01,8,200
2823,2,12,2025-09-30,10,2200
2824,6,4,2025-09-22,6,150
2825,3,7,2025-11-14,6,900
2826,6,5,2025-08-22,7,350
2827,6,5,2025-04-27,8,400
2828,1,4,2025-01-24,4,100
2829,5,10,2025-06-09,10,1800
2830,4,4,2025-12-20,3,75
2831,5,8,2024-09-03,3,210
2832,6,4,2024-11-12,5,125
2833,3,6,2025-06-19,10,3000
2834,5,12,2025-12-03,3,660
2835,5,5,2024-05-04,10,500
2836,6,5,2025-10-19,8,400
2837,4,11,2024-11-02,1,90
2838,5,7,2024-06-11,2,300
2839,6,10,2024-06-09,7,1260
2840,4,1,2024-02-16,7,8400
2841,1,7,2024-07-08,6,900
2842,1,1,2025-07-07,7,8400
2843,3,4,2024-02-27,3,75
2844,6,3,2025-02-21,10,5000
2845,5,11,2025-06-01,5,450
2846,2,10,2025-08-24,10,1800
2847,2,6,2025-04-13,9,2700
2848,5,8,2024-12-20,2,140
2849,5,8,2025-03-14,5,350
2850,6,7,2025-04-25,4,600
2851,5,1,2025-08-27,5,6000
2852,2,8,2025-12-16,1,70
2853,1,9,2025-09-06,8,2000
2854,4,4,2025-02-04,8,200
2855,5,3,2025-09-29,4,2000
2856,6,3,2024-02-06,7,3500
2857,4,2,2024-02-16,2,1600
2858,4,4,2025-03-02,3,75
2859,4,2,2025-10-29,7,5600
2860,5,9,2025-11-22,10,2500
2861,5,2,2024-02-21,10,8000
2862,4,12,2024-12-09,3,660
2863,2,6,2024-08-07,8,2400
2864,4,12,2025-01-03,4,880
2865,3,2,2025-01-14,4,3200
2866,3,5,2025-04-16,4,200
2867,4,6,2025-11-25,7,2100
2868,1,5,2025-03-31,9,450
2869,3,9,2025-10-08,6,1500
2870,3,7,2024-08-09,8,1200
2871,4,9,2025-12-28,1,250
2872,6,9,2024-02-07,8,2000
2873,5,4,2024-06-05,5,125
2874,4,8,2025-05-06,8,560
2875,6,11,2024-07-30,10,900
2876,6,5,2024-12-05,10,500
2877,6,9,2024-08-18,6,1500
2878,5,3,2024-06-05,4,2000
2879,6,10,2024-01-23,4,720
2880,1,3,2025-11-10,1,500
2881,6,1,2024-07-26,2,2400
2882,3,12,2024-10-10,10,2200
2883,3,2,2024-12-24,2,1600
2884,4,9,2025-11-13,6,1500
2885,4,6,2024-08-23,6,1800
2886,4,8,2024-02-04,2,140
2887,5,8,2024-04-19,8,560
2888,5,5,2025-04-06,4,200
2889,5,6,2024-09-01,6,1800
2890,2,11,2024-06-07,2,180
2891,5,8,2024-07-28,9,630
2892,6,4,2024-06-21,8,200
2893,5,6,2024-08-23,5,1500
2894,2,7,2025-03-01,9,1350
2895,1,3,2025-05-28,4,2000
2896,3,7,2025-09-22,5,750
2897,3,3,2025-02-11,5,2500
2898,1,12,2025-02-14,3,660
2899,5,5,2024-07-03,8,400
2900,1,5,2024-01-09,5,250
2901,3,10,2024-03-20,2,360
2902,5,5,2024-10-20,8,400
2903,3,11,2024-12-28,2,180
2904,2,8,2025-08-16,1,70
2905,4,5,2024-09-15,5,250
2906,1,8,2025-08-25,9,630
2907,2,12,2025-04-22,5,1100
2908,3,7,2024-10-21,1,150
2909,1,7,2025-01-11,6,900
2910,4,6,2024-05-30,7,2100
2911,5,10,2024-03-13,8,1440
2912,6,10,2024-06-14,8,1440
2913,5,2,2024-01-23,7,5600
2914,1,3,2024-09-02,6,3000
2915,6,1,2025-12-31,9,10800
2916,4,6,2025-03-26,1,300
2917,5,4,2025-12-27,3,75
2918,3,5,2024-01-05,1,50
2919,6,6,2025-04-08,10,3000
2920,1,10,2025-03-06,5,900
2921,2,2,2024-02-25,7,5600
2922,6,8,2025-02-15,6,420
2923,5,4,2024-04-01,10,250
2924,2,5,2024-06-16,1,50
2925,4,4,2024-09-12,6,150
2926,6,5,2024-10-03,1,50
2927,5,7,2024-10-31,8,1200
2928,5,3,2024-04-20,2,1000
2929,1,10,2025-06-27,1,180
2930,2,10,2024-01-19,8,1440
2931,3,6,2024-06-12,2,600
2932,5,1,2024-04-16,6,7200
2933,3,8,2025-03-14,7,490
2934,2,11,2024-01-05,9,810
2935,6,5,2025-02-06,8,400
2936,3,10,2024-03-09,7,1260
2937,5,4,2025-03-06,9,225
2938,2,6,2024-06-08,5,1500
2939,5,12,2024-11-11,1,220
2940,6,4,2025-10-16,3,75
2941,4,4,2025-12-06,6,150
2942,3,9,2025-04-18,10,2500
2943,6,3,2024-01-04,10,5000
2944,4,7,2025-12-24,4,600
2945,1,8,2025-09-03,2,140
2946,4,8,2024-07-21,7,490
2947,6,10,2025-11-22,1,180
2948,5,8,2025-03-05,3,210
2949,2,3,2024-11-02,4,2000
2950,5,8,2024-01-27,4,280
2951,1,12,2024-03-15,9,1980
2952,5,5,2025-03-23,1,50
2953,6,9,2025-09-18,10,2500
2954,6,8,2025-09-22,4,280
2955,3,6,2025-11-30,5,1500
2956,6,1,2024-10-29,1,1200
2957,1,11,2025-06-21,5,450
2958,6,8,2024-09-20,6,420
2959,6,11,2024-05-01,9,810
2960,3,12,2025-07-07,7,1540
2961,1,2,2024-05-09,6,4800
2962,6,12,2025-07-15,5,1100
2963,1,3,2024-01-09,10,5000
2964,4,10,2024-05-13,4,720
2965,6,3,2024-02-16,6,3000
2966,6,10,2024-03-07,3,540
2967,2,1,2025-06-11,9,10800
2968,4,5,2024-06-04,10,500
2969,1,1,2024-03-16,9,10800
2970,5,2,2025-11-04,10,8000
2971,3,10,2025-08-03,9,1620
2972,5,7,2025-10-16,5,750
2973,2,8,2024-09-30,1,70
2974,3,10,2024-06-26,7,1260
2975,4,12,2025-03-07,9,1980
2976,2,12,2024-09-14,6,1320
2977,1,7,2025-05-06,7,1050
2978,6,12,2024-11-05,4,880
2979,5,8,2025-08-06,4,280
2980,1,9,2025-04-04,9,2250
2981,1,5,2025-06-29,9,450
2982,4,8,2024-07-04,5,350
2983,3,10,2025-11-23,2,360
2984,3,7,2024-01-25,9,1350
2985,1,1,2025-10-25,4,4800
2986,6,7,2025-04-21,8,1200
2987,6,11,2024-01-30,4,360
2988,3,5,2024-06-21,8,400
2989,1,6,2025-01-16,2,600
2990,6,6,2024-02-11,6,1800
2991,5,2,2024-11-28,3,2400
2992,4,6,2025-07-26,1,300
2993,1,12,2025-09-02,6,1320
2994,6,11,2025-08-30,10,900
2995,6,3,2024-10-02,6,3000
2996,6,5,2024-02-19,4,200
2997,5,2,2025-08-25,1,800
2998,4,10,2025-07-03,9,1620
2999,3,9,2024-09-10,5,1250
3000,5,2,2025-02-02,7,5600
